Loan_ID;Gender;Married;Dependents;Education;Self_Employed;ApplicantIncome;CoapplicantIncome;LoanAmount;Loan_Amount_Term;Credit_History;Property_Area;
LP002112;Male;Yes;2;Graduate;Yes;2500;4600;176;360;1;Rural;Y
LP001894;Male;Yes;0;Graduate;No;2620;2223;150;360;1;Semiurban;Y
LP001115;Male;No;0;Graduate;No;1300;3470;100;180;1;Semiurban;
LP001698;Male;No;0;Not Graduate;No;3975;2531;55;360;1;Rural;Y
LP002123;Male;Yes;0;Graduate;No;2613;2417;123;360;1;Semiurban;
LP001448;;Yes;3;Graduate;No;23803;0;370;360;1;Rural;Y
LP001109;Male;Yes;0;Graduate;No;1828;1330;100;;0;Urban;N
LP001565;Male;Yes;1;Graduate;No;3089;1280;121;360;0;Semiurban;N
LP002753;Female;No;1;Graduate;;3652;0;95;360;1;Semiurban;Y
LP002408;Male;No;0;Graduate;No;3660;5064;187;360;1;Semiurban;Y
LP001892;Male;No;0;Graduate;No;2833;1857;126;360;1;Rural;Y
LP001603;Male;Yes;0;Not Graduate;Yes;4344;736;87;360;1;Semiurban;N
LP002009;Female;No;0;Graduate;No;2918;0;65;360;;Rural;
LP002755;Male;Yes;1;Not Graduate;No;2239;2524;128;360;1;Urban;Y
LP001332;Male;Yes;0;Not Graduate;No;2415;1721;110;360;1;Semiurban;
LP002723;Male;No;2;Graduate;No;3588;0;110;360;0;Rural;N
LP002659;Male;Yes;3;Graduate;No;3466;3428;150;360;1;Rural;Y
LP002494;Male;No;0;Graduate;No;6000;0;140;360;1;Rural;Y
LP002186;Male;Yes;0;Not Graduate;No;2747;2458;118;36;1;Semiurban;
LP002224;Male;No;0;Graduate;No;3069;0;71;480;1;Urban;N
LP001758;Male;Yes;2;Graduate;No;6250;1695;210;360;1;Semiurban;Y
LP002180;Male;No;0;Graduate;Yes;6822;0;141;360;1;Rural;Y
LP002953;Male;Yes;3;Graduate;No;5703;0;128;360;1;Urban;Y
LP002362;Male;Yes;1;Graduate;No;7250;1667;110;;0;Urban;N
LP001527;Male;Yes;3;Graduate;No;6835;0;188;360;;Semiurban;
LP002279;Male;No;0;Graduate;No;2412;2755;130;360;1;Rural;
LP002178;Male;Yes;0;Graduate;No;3013;3033;95;300;;Urban;Y
LP001585;;Yes;3;Graduate;No;51763;0;700;300;1;Urban;Y
LP001014;Male;Yes;3;Graduate;No;3036;2504;158;360;0;Semiurban;N
LP002690;Male;No;0;Graduate;No;2500;0;55;360;1;Semiurban;Y
LP002027;Male;Yes;0;Graduate;No;4334;2945;165;360;1;Semiurban;
LP001083;Male;No;3;Graduate;No;4166;0;40;180;;Urban;
LP002807;Male;Yes;2;Not Graduate;No;3675;242;108;360;1;Semiurban;Y
LP001452;Male;Yes;2;Graduate;No;4635;8000;102;180;1;Rural;
LP002945;Male;Yes;0;Graduate;Yes;9963;0;180;360;1;Rural;Y
LP001904;Male;Yes;0;Graduate;No;3103;1300;80;360;1;Urban;Y
LP001426;Male;Yes;;Graduate;No;5667;2667;180;360;1;Rural;Y
LP001910;Male;No;1;Not Graduate;Yes;4053;2426;158;360;0;Urban;N
LP002624;Male;Yes;0;Graduate;No;20833;6667;480;360;;Urban;Y
LP001974;Female;No;0;Graduate;No;5000;0;132;360;1;Rural;Y
LP001739;Male;Yes;0;Graduate;No;4258;0;125;360;1;Urban;
LP001926;Male;Yes;0;Graduate;No;3704;2000;120;360;1;Rural;Y
LP002745;Male;Yes;0;Graduate;No;3708;4700;132;360;1;Semiurban;
LP001886;Male;No;0;Graduate;No;4150;4256;209;360;1;Rural;
LP002425;Male;No;0;Graduate;No;3417;738;100;360;;Rural;
LP001882;Male;Yes;3;Graduate;No;4333;1811;160;360;0;Urban;Y
LP002979;Male;Yes;3;Graduate;No;4106;0;40;180;1;Rural;Y
LP002205;Male;No;1;Graduate;No;3062;1987;111;180;0;Urban;N
LP002692;Male;Yes;3;Graduate;Yes;5677;1424;100;360;1;Rural;Y
LP001405;Male;Yes;1;Graduate;No;2214;1398;85;360;;Urban;Y
LP001567;Male;Yes;3;Graduate;No;4513;0;120;360;1;Rural;
LP002111;Male;Yes;;Graduate;No;3016;1300;100;360;;Urban;
LP001270;Male;Yes;3;Not Graduate;Yes;8000;250;187;360;1;Semiurban;
LP002361;Male;Yes;0;Graduate;No;1820;1719;100;360;1;Urban;Y
LP002885;Male;No;0;Not Graduate;No;2868;0;70;360;1;Urban;
LP002634;Female;No;1;Graduate;No;13262;0;40;360;1;Urban;Y
LP001790;Female;No;1;Graduate;No;3812;0;112;360;1;Rural;Y
LP001650;Male;Yes;0;Graduate;No;2333;3803;146;360;1;Rural;
LP002138;Male;Yes;0;Graduate;No;2625;6250;187;360;1;Rural;Y
LP002056;Male;Yes;2;Graduate;No;9167;0;235;360;1;Semiurban;
LP001105;Male;Yes;2;Graduate;No;4583;2916;200;360;1;Urban;
LP001883;Female;No;0;Graduate;;3418;0;135;360;1;Rural;N
LP001954;Female;Yes;1;Graduate;No;4666;0;135;360;1;Urban;Y
LP001570;Male;Yes;2;Graduate;No;4167;1447;158;360;1;Rural;Y
LP002635;Female;Yes;2;Not Graduate;No;3729;0;117;360;1;Semiurban;
LP002804;Female;Yes;0;Graduate;No;4180;2306;182;360;1;Semiurban;Y
LP001563;;No;0;Graduate;No;1596;1760;119;360;0;Urban;
LP002912;Male;Yes;1;Graduate;No;4283;3000;172;84;1;Rural;N
LP001135;Female;No;0;Not Graduate;No;3765;0;125;360;1;Urban;
LP002443;Male;Yes;2;Graduate;No;3340;1710;150;360;0;Rural;N
LP001361;Male;Yes;0;Graduate;No;2458;5105;188;360;0;Rural;
LP001630;Male;No;0;Not Graduate;No;2333;1451;102;480;0;Urban;N
LP001207;Male;Yes;0;Not Graduate;Yes;2609;3449;165;180;0;Rural;N
LP002651;Male;Yes;1;Graduate;;6300;0;125;360;0;Urban;
LP002794;Female;No;0;Graduate;No;2667;1625;84;360;;Urban;Y
LP001872;Male;No;0;Graduate;Yes;5166;0;128;360;1;Semiurban;Y
LP002825;Male;Yes;3;Graduate;No;9699;0;300;360;1;Urban;
LP002980;Male;No;0;Graduate;No;3250;1993;126;360;;Semiurban;
LP002556;Male;No;0;Graduate;No;2435;0;75;360;1;Urban;N
LP001386;Male;Yes;0;Not Graduate;No;4750;3583;144;360;1;Semiurban;
LP002195;Male;Yes;1;Graduate;Yes;3507;3148;212;360;1;Rural;
LP002784;Male;Yes;1;Not Graduate;No;2492;2375;;360;1;Rural;Y
LP002441;Male;No;;Graduate;No;3579;3308;138;360;;Semiurban;
LP002626;Male;Yes;0;Graduate;Yes;2479;3013;188;360;1;Urban;Y
LP001584;Female;No;0;Graduate;Yes;4742;0;108;360;1;Semiurban;
LP001541;Male;Yes;1;Graduate;No;6000;0;160;360;;Rural;Y
LP002940;Male;No;0;Not Graduate;No;3833;0;110;360;1;Rural;Y
LP001327;Female;Yes;0;Graduate;No;2484;2302;137;360;1;Semiurban;Y
LP002046;Male;Yes;0;Not Graduate;No;4483;0;135;360;;Semiurban;
LP001688;Male;Yes;1;Not Graduate;No;3500;1083;135;360;1;Urban;Y
LP001798;Male;Yes;2;Graduate;No;5819;5000;120;360;1;Rural;Y
LP001228;Male;No;0;Not Graduate;No;3200;2254;126;180;0;Urban;N
LP002368;Male;Yes;2;Graduate;No;5935;0;133;360;1;Semiurban;Y
LP001335;Male;Yes;0;Graduate;Yes;7016;292;125;360;1;Urban;
LP002858;Female;No;0;Graduate;No;4333;2333;162;360;0;Rural;
LP001716;Male;Yes;0;Graduate;No;3173;3021;137;360;1;Urban;Y
LP002053;Male;Yes;3;Graduate;No;4342;189;124;360;1;Semiurban;Y
LP001938;Male;Yes;2;Graduate;No;4400;0;127;360;0;Semiurban;N
LP002347;Male;Yes;0;Graduate;No;3246;1417;138;360;1;Semiurban;Y
LP002357;Female;No;0;Not Graduate;No;2720;0;80;;0;Urban;N
LP002143;Female;Yes;0;Graduate;No;2423;505;130;360;1;Semiurban;Y
LP002606;Female;No;0;Graduate;No;3159;0;100;360;1;Semiurban;Y
LP002855;Male;Yes;2;Graduate;No;16666;0;275;360;1;Urban;Y
LP001737;Male;No;0;Graduate;No;4000;0;83;84;1;Urban;
LP001800;Male;Yes;1;Not Graduate;No;2510;1983;140;180;1;Urban;N
LP002229;Male;No;0;Graduate;No;5941;4232;296;360;1;Semiurban;Y
LP001870;Female;No;1;Graduate;No;3481;0;155;36;1;Semiurban;N
LP001321;Male;Yes;2;Graduate;No;3613;3539;134;180;1;Semiurban;
LP001691;Male;Yes;2;Not Graduate;No;3917;0;124;360;1;Semiurban;Y
LP002393;Female;;;Graduate;No;10047;0;;240;1;Semiurban;Y
LP002191;Male;Yes;0;Graduate;No;19730;5266;570;360;1;Rural;N
LP002244;Male;Yes;0;Graduate;No;2333;2417;136;360;1;Urban;Y
LP002604;Male;Yes;2;Graduate;No;3166;2833;145;360;1;Urban;
LP001237;Male;Yes;;Not Graduate;No;4163;1475;162;360;1;Urban;
LP002550;Female;No;0;Graduate;No;5769;0;110;180;1;Semiurban;
LP002472;Male;No;2;Graduate;No;4354;0;136;360;1;Rural;Y
LP002983;Male;Yes;1;Graduate;No;8072;240;253;360;1;Urban;Y
LP002256;Female;No;2;Graduate;Yes;5184;0;187;360;0;Semiurban;
LP002190;Male;Yes;1;Graduate;No;6325;0;175;360;1;Semiurban;Y
LP002554;Male;No;0;Graduate;No;2166;2057;122;360;1;Semiurban;
LP001015;Male;Yes;0;Graduate;No;5720;0;110;360;1;Urban;
LP001213;Male;Yes;1;Graduate;No;4945;0;;360;0;Rural;N
LP001352;Male;Yes;0;Not Graduate;No;4700;0;135;360;0;Semiurban;
LP002868;Male;Yes;2;Graduate;No;3159;461;108;84;1;Urban;Y
LP001917;Female;No;0;Graduate;No;1811;1666;54;360;1;Urban;Y
LP002529;Male;Yes;2;Graduate;No;6700;1750;230;300;1;Semiurban;Y
LP001658;Male;No;0;Graduate;No;3858;0;76;360;1;Semiurban;Y
LP001581;Male;Yes;0;Not Graduate;;1820;1769;95;360;1;Rural;Y
LP002610;Male;Yes;1;Not Graduate;;1792;2565;128;360;1;Urban;
LP002788;Male;Yes;0;Not Graduate;No;2454;2333;181;360;0;Urban;N
LP002161;Female;No;1;Graduate;No;4723;0;81;360;1;Semiurban;N
LP002355;;Yes;0;Graduate;No;3186;3145;150;180;0;Semiurban;
LP002402;Male;Yes;0;Graduate;No;3333;4288;160;360;1;Urban;
LP001906;Male;No;0;Graduate;;2964;0;84;360;0;Semiurban;
LP002116;Female;No;0;Graduate;No;2378;0;46;360;1;Rural;N
LP001754;Male;Yes;;Not Graduate;Yes;4735;0;138;360;1;Urban;N
LP001497;Male;Yes;2;Graduate;No;5042;2083;185;360;1;Rural;N
LP002625;;No;0;Graduate;No;3583;0;96;360;1;Urban;N
LP002517;Male;Yes;1;Not Graduate;No;2653;1500;113;180;0;Rural;N
LP002407;Female;Yes;0;Not Graduate;Yes;7142;0;138;360;1;Rural;Y
LP002360;Male;Yes;;Graduate;No;10000;0;;360;1;Urban;
LP001572;Male;Yes;0;Graduate;No;9323;0;75;180;1;Urban;Y
LP002329;Male;No;0;Graduate;No;4333;0;66;480;1;Urban;
LP002212;Male;Yes;0;Graduate;No;2166;2166;108;360;;Urban;
LP002530;;Yes;2;Graduate;No;2873;1872;132;360;0;Semiurban;N
LP001486;Male;Yes;1;Graduate;No;4364;2500;185;360;1;Semiurban;
LP001599;Male;Yes;0;Graduate;No;4167;4754;160;360;1;Rural;
LP002938;Male;Yes;0;Graduate;Yes;16120;0;260;360;1;Urban;Y
LP001407;Male;Yes;0;Graduate;No;3189;2367;186;360;1;Urban;
LP002941;Male;Yes;2;Not Graduate;Yes;6383;1000;187;360;1;Rural;N
LP002989;Male;No;0;Graduate;Yes;9200;0;98;180;1;Rural;
LP001728;Male;Yes;1;Graduate;Yes;3343;1517;105;360;1;Rural;
LP001514;Female;Yes;0;Graduate;No;2330;4486;100;360;1;Semiurban;Y
LP002921;Male;Yes;3;Not Graduate;No;5316;187;158;180;0;Semiurban;
LP001323;Female;Yes;2;Graduate;No;2779;3664;176;360;0;Semiurban;
LP002593;Male;Yes;1;Graduate;No;8333;4000;;360;1;Urban;
LP002358;Male;Yes;2;Graduate;Yes;5000;2166;150;360;1;Urban;
LP002932;Male;Yes;3;Graduate;No;7603;1213;197;360;1;Urban;
LP002547;Male;Yes;1;Graduate;No;18333;0;500;360;1;Urban;N
LP001220;Male;Yes;0;Graduate;No;5629;818;100;360;1;Urban;
LP001472;Female;No;0;Graduate;;5058;0;200;360;1;Rural;
LP002069;Male;Yes;2;Not Graduate;;3785;2912;180;360;0;Rural;
LP001267;Female;Yes;2;Graduate;No;1378;1881;167;360;1;Urban;N
LP001359;Male;Yes;0;Graduate;No;7666;0;187;360;1;Semiurban;
LP001915;Male;Yes;2;Graduate;No;2301;985.7999878;78;180;1;Urban;Y
LP001034;Male;No;1;Not Graduate;No;3596;0;100;240;;Urban;Y
LP001771;Female;No;3;Graduate;No;4083;0;103;360;;Semiurban;
LP001657;Male;Yes;0;Not Graduate;No;6033;0;160;360;1;Urban;N
LP001319;Male;Yes;2;Not Graduate;No;3273;1820;81;360;1;Urban;Y
LP001613;Female;No;0;Graduate;No;1762;2666;104;360;0;Urban;
LP001643;Male;Yes;0;Graduate;No;2383;2138;58;360;;Rural;Y
LP002738;Male;No;2;Graduate;No;3617;0;107;360;1;Semiurban;Y
LP002602;Male;No;0;Graduate;No;6283;4416;209;360;0;Rural;N
LP002899;Male;Yes;2;Graduate;No;8667;0;254;360;1;Rural;
LP002130;Male;Yes;;Not Graduate;No;3523;3230;152;360;0;Rural;N
LP002961;Male;Yes;1;Graduate;No;3400;2500;173;360;1;Semiurban;Y
LP001562;Male;Yes;0;Graduate;No;7933;0;275;360;1;Urban;N
LP002768;Male;No;0;Not Graduate;No;3358;0;80;36;1;Semiurban;N
LP002453;Male;No;0;Graduate;Yes;7085;0;84;360;1;Semiurban;Y
LP001096;Female;No;0;Graduate;No;4666;0;124;360;1;Semiurban;
LP001018;Male;Yes;2;Graduate;No;4006;1526;168;360;1;Urban;Y
LP001445;Male;Yes;2;Not Graduate;No;4136;0;149;480;0;Rural;
LP002888;Male;No;0;Graduate;;3182;2917;161;360;1;Urban;Y
LP002036;Male;Yes;0;Graduate;No;2058;2134;88;360;;Urban;Y
LP002065;Male;Yes;3;Graduate;No;15000;0;300;360;1;Rural;Y
LP001471;Male;No;2;Not Graduate;No;3235;2015;77;360;1;Semiurban;
LP002975;Male;Yes;0;Graduate;No;4158;709;115;360;1;Urban;
LP002495;Male;Yes;2;Graduate;No;5667;440;130;360;0;Semiurban;
LP001975;Male;Yes;0;Graduate;No;5225;0;143;360;1;Rural;
LP001713;Male;Yes;1;Graduate;Yes;7787;0;240;360;1;Urban;Y
LP001548;Male;Yes;2;Not Graduate;No;2687;0;50;180;1;Rural;
LP002731;Female;No;0;Not Graduate;Yes;18165;0;125;360;1;Urban;Y
LP002555;Male;Yes;2;Graduate;Yes;4583;2083;160;360;1;Semiurban;Y
LP001008;Male;No;0;Graduate;No;6000;0;141;360;1;Urban;Y
LP001232;Male;Yes;0;Graduate;No;4260;3900;185;;;Urban;
LP002101;Male;Yes;0;Graduate;;63337;0;490;180;1;Urban;Y
LP001233;Male;Yes;1;Graduate;No;10750;0;312;360;1;Urban;Y
LP001120;Male;No;0;Graduate;No;1800;1213;47;360;1;Urban;Y
LP001751;Male;Yes;0;Graduate;No;3250;0;170;360;1;Rural;N
LP002126;Male;Yes;3;Not Graduate;No;3173;0;74;360;1;Semiurban;Y
LP001082;Male;Yes;1;Graduate;;2185;1516;162;360;1;Semiurban;
LP002183;Male;Yes;0;Not Graduate;No;3754;3719;118;;1;Rural;
LP002876;Male;No;0;Graduate;No;6858;0;176;360;1;Rural;
LP002706;Male;Yes;1;Not Graduate;No;5285;1430;161;360;0;Semiurban;Y
LP002113;Female;No;3;Not Graduate;No;1830;0;;360;0;Urban;N
LP001817;Male;No;0;Not Graduate;Yes;8703;0;199;360;0;Rural;
LP002639;Male;Yes;2;Graduate;No;4120;0;128;360;1;Rural;
LP002568;Male;No;0;Not Graduate;No;9000;0;122;360;1;Rural;
LP002369;Male;Yes;0;Graduate;No;2920;16.12000084;87;360;1;Rural;Y
LP002281;Male;Yes;0;Graduate;No;3033;1459;95;360;1;Urban;Y
LP002328;Male;Yes;0;Not Graduate;No;6096;0;218;360;0;Rural;N
LP002158;Male;Yes;0;Not Graduate;No;3000;1666;100;480;0;Urban;N
LP002004;Male;No;0;Not Graduate;No;2927;2405;111;360;1;Semiurban;Y
LP002141;Male;Yes;3;Graduate;No;2666;2083;95;360;1;Rural;Y
LP001979;Male;No;0;Graduate;No;3017;2845;159;180;0;Urban;
LP002729;Male;No;1;Graduate;No;11250;0;196;360;;Semiurban;N
LP001640;Male;Yes;0;Graduate;Yes;39147;4750;120;360;1;Semiurban;Y
LP002264;Male;Yes;0;Graduate;No;2553;1768;102;360;1;Urban;
LP002712;Male;No;2;Not Graduate;No;2733;1083;180;360;;Semiurban;
LP001183;Male;Yes;2;Graduate;No;6250;820;192;360;1;Urban;
LP001491;Male;Yes;2;Graduate;Yes;3316;3500;88;360;1;Urban;Y
LP002928;Male;Yes;0;Graduate;No;3000;3416;56;180;1;Semiurban;Y
LP001947;Male;Yes;0;Graduate;No;2383;3334;172;360;1;Semiurban;Y
LP002572;Male;Yes;1;Graduate;;8750;0;297;360;1;Urban;
LP002527;Male;Yes;2;Graduate;Yes;16525;1014;150;360;1;Rural;Y
LP002444;Male;No;1;Not Graduate;Yes;2769;1542;190;360;;Semiurban;N
LP002840;Female;No;0;Graduate;No;2378;0;9;360;1;Urban;N
LP001788;Female;No;0;Graduate;Yes;3463;0;122;360;;Urban;Y
LP001607;Female;No;0;Not Graduate;No;0;1760;180;360;1;Semiurban;
LP001243;Male;Yes;0;Graduate;No;3208;3066;172;360;1;Urban;Y
LP001813;Male;No;0;Graduate;Yes;6050;4333;120;180;1;Urban;N
LP002455;Male;Yes;2;Graduate;No;3859;0;96;360;1;Semiurban;Y
LP001499;Female;Yes;3;Graduate;No;6260;0;110;360;1;Semiurban;
LP001488;Male;Yes;3;Graduate;No;4000;7750;290;360;1;Semiurban;N
LP001849;Male;No;0;Not Graduate;No;6045;0;115;360;0;Rural;N
LP001422;Female;No;0;Graduate;No;10408;0;259;360;1;Urban;Y
LP001666;Male;No;0;Graduate;No;8333;3750;187;360;1;Rural;Y
LP002055;Female;No;0;Graduate;No;3166;2985;132;360;;Rural;Y
LP001547;Male;Yes;1;Graduate;No;3901;0;116;360;1;Urban;
LP001338;Female;No;2;Graduate;No;4968;0;189;360;1;Semiurban;
LP002118;Female;No;0;Graduate;No;1937;1152;78;360;1;Semiurban;
LP001333;Male;Yes;0;Graduate;No;1977;997;50;360;1;Semiurban;Y
LP001994;Female;No;0;Graduate;No;2400;1863;104;360;0;Urban;N
LP002045;Male;Yes;3;Graduate;No;10166;750;150;;1;Urban;
LP002142;Female;Yes;0;Graduate;Yes;5500;0;105;360;0;Rural;N
LP002342;Male;Yes;2;Graduate;Yes;1600;20000;239;360;1;Urban;N
LP001483;Male;Yes;3;Graduate;No;13518;0;390;360;1;Rural;
LP002795;Male;Yes;3;Graduate;Yes;10139;0;260;360;1;Semiurban;Y
LP002615;Male;Yes;2;Graduate;No;4865;5624;208;360;1;Semiurban;Y
LP002536;Male;Yes;3;Not Graduate;No;3095;0;113;360;1;Rural;Y
LP001896;Male;Yes;2;Graduate;No;3900;0;90;360;1;Semiurban;Y
LP002501;;Yes;0;Graduate;No;16692;0;110;360;1;Semiurban;Y
LP001136;Male;Yes;0;Not Graduate;Yes;4695;0;96;;1;Urban;Y
LP002879;Male;Yes;0;Graduate;No;3391;1966;133;360;0;Rural;
LP002643;Male;Yes;2;Graduate;No;3283;2035;148;360;1;Urban;Y
LP002379;Male;No;0;Graduate;No;6500;0;105;360;0;Rural;N
LP001176;Male;No;0;Graduate;No;2942;2382;125;180;1;Urban;
LP001312;Male;Yes;0;Not Graduate;Yes;5293;0;92;360;1;Urban;
LP001370;Male;No;0;Not Graduate;;7333;0;120;360;1;Rural;N
LP001219;Male;No;0;Graduate;No;3643;1963;138;360;1;Urban;
LP001867;Male;Yes;0;Graduate;No;4333;2291;133;350;1;Rural;
LP002714;Male;No;1;Not Graduate;No;2679;1302;94;360;1;Semiurban;Y
LP001815;Male;No;0;Not Graduate;No;3276;0;90;360;1;Semiurban;
LP002240;Male;Yes;0;Not Graduate;No;3500;2168;149;360;1;Rural;
LP001990;Male;No;0;Not Graduate;No;2000;0;;360;1;Urban;N
LP002250;Male;Yes;0;Graduate;No;5488;0;125;360;1;Rural;Y
LP001749;Male;Yes;0;Graduate;No;7578;1010;175;;1;Semiurban;Y
LP002106;Male;Yes;;Graduate;Yes;5503;4490;70;;1;Semiurban;Y
LP001073;Male;Yes;2;Not Graduate;No;4226;1040;110;360;1;Urban;Y
LP001291;Male;Yes;1;Graduate;No;3500;3077;160;360;1;Semiurban;
LP001644;;Yes;0;Graduate;Yes;674;5296;168;360;1;Rural;Y
LP002962;Male;No;0;Graduate;No;4000;2667;152;360;1;Semiurban;
LP001439;Male;Yes;0;Not Graduate;No;4300;2014;194;360;1;Rural;Y
LP001106;Male;Yes;0;Graduate;No;2275;2067;;360;1;Urban;Y
LP001186;Female;Yes;1;Graduate;Yes;11500;0;286;360;0;Urban;N
LP001266;Male;Yes;1;Graduate;Yes;2395;0;;360;1;Semiurban;Y
LP001923;Male;No;0;Not Graduate;No;2268;0;170;360;0;Semiurban;
LP002570;Female;Yes;2;Graduate;No;10000;11666;460;360;1;Urban;
LP001420;Male;Yes;3;Graduate;No;3829;1103;163;360;0;Urban;
LP002270;Male;Yes;1;Graduate;No;3436;3809;100;360;1;Rural;
LP001265;Female;No;0;Graduate;No;3846;0;111;360;1;Semiurban;Y
LP002920;Male;Yes;0;Graduate;No;5119;3769;120;360;1;Rural;
LP002746;Male;No;0;Graduate;No;5314;0;147;360;1;Urban;
LP002128;Male;Yes;2;Graduate;;2583;2330;125;360;1;Rural;Y
LP002415;Female;No;1;Graduate;;1850;4583;81;360;;Rural;
LP002791;Male;No;1;Graduate;;16000;5000;40;360;1;Semiurban;
LP001067;Male;No;0;Not Graduate;No;2400;2400;123;360;1;Semiurban;
LP001964;Male;Yes;0;Not Graduate;No;1800;2934;93;360;0;Urban;N
LP001639;Female;Yes;0;Graduate;No;3625;0;108;360;1;Semiurban;Y
LP001177;Female;No;0;Not Graduate;No;2478;0;75;360;1;Semiurban;
LP002308;Male;Yes;0;Not Graduate;No;2167;2400;115;360;1;Urban;Y
LP002017;Male;Yes;3;Graduate;No;15312;0;187;360;;Urban;
LP001169;Male;Yes;0;Graduate;No;7500;3750;275;360;1;Urban;
LP001187;Male;Yes;0;Graduate;No;2783;2708;158;360;1;Urban;
LP001507;Male;Yes;0;Graduate;No;2698;2034;122;360;1;Semiurban;Y
LP002969;Male;Yes;1;Graduate;No;2269;2167;99;360;1;Semiurban;
LP002609;Female;Yes;0;Graduate;No;2241;2000;88;360;0;Urban;
LP002287;Female;No;0;Graduate;No;1500;1800;103;360;0;Semiurban;N
LP002863;Male;Yes;3;Graduate;No;6406;0;150;360;1;Semiurban;N
LP001054;Male;Yes;0;Not Graduate;Yes;2165;3422;152;360;1;Urban;
LP002096;Male;Yes;0;Not Graduate;No;2000;1600;115;360;1;Rural;
LP002586;Female;Yes;1;Graduate;No;3326;913;105;84;1;Semiurban;Y
LP001066;Male;Yes;0;Graduate;Yes;9560;0;191;360;1;Semiurban;Y
LP002305;Female;No;0;Graduate;No;4547;0;115;360;1;Semiurban;Y
LP001841;Male;No;0;Not Graduate;Yes;2583;2167;104;360;1;Rural;Y
LP002420;Male;Yes;0;Graduate;No;2982;1550;110;360;1;Semiurban;
LP002836;Male;No;0;Graduate;No;3333;0;70;360;1;Urban;Y
LP001651;Male;Yes;3;Graduate;No;3350;1560;135;360;1;Urban;
LP002600;Male;Yes;1;Graduate;Yes;2895;0;95;360;1;Semiurban;Y
LP001027;Male;Yes;2;Graduate;;2500;1840;109;360;1;Urban;Y
LP001211;Male;No;0;Graduate;Yes;5833;0;116;360;1;Urban;
LP002954;Male;Yes;2;Not Graduate;No;3132;0;76;360;;Rural;
LP002522;Female;No;0;Graduate;Yes;2500;0;93;360;;Urban;Y
LP002849;Male;Yes;0;Graduate;No;1516;1951;35;360;1;Semiurban;
LP002337;Female;No;0;Graduate;No;2995;0;60;360;1;Urban;Y
LP002841;Male;Yes;0;Graduate;No;3166;2064;104;360;0;Urban;N
LP001909;Male;No;0;Graduate;No;5583;0;116;360;1;Urban;
LP001358;Male;Yes;0;Graduate;No;3445;0;130;360;0;Semiurban;
LP001655;Female;No;0;Graduate;No;12500;0;300;360;0;Urban;
LP001051;Male;No;0;Not Graduate;No;3276;0;78;360;1;Urban;
LP002031;Male;Yes;1;Not Graduate;No;3399;1640;111;180;1;Urban;Y
LP002219;Male;Yes;3;Graduate;No;8750;4996;130;360;1;Rural;Y
LP001205;Male;Yes;0;Graduate;No;2500;3796;120;360;1;Urban;Y
LP001770;Male;No;0;Not Graduate;No;3189;2598;120;;1;Rural;Y
LP001608;Male;Yes;2;Graduate;No;2045;1619;101;360;1;Rural;Y
LP001493;Male;Yes;2;Not Graduate;No;4200;1430;129;360;1;Rural;N
LP002693;Male;Yes;2;Graduate;Yes;7948;7166;480;360;1;Rural;Y
LP001097;Male;No;1;Graduate;Yes;4692;0;106;360;1;Rural;N
LP002717;Male;Yes;0;Graduate;No;1025;5500;216;360;;Rural;Y
LP002907;Male;Yes;0;Graduate;No;5817;910;109;360;1;Urban;
LP002459;Male;Yes;0;Graduate;No;4301;0;118;360;1;Urban;Y
LP002683;Male;No;0;Graduate;No;4683;1915;185;360;1;Semiurban;N
LP002417;Male;Yes;3;Not Graduate;No;2792;2619;171;360;1;Semiurban;
LP002843;Female;Yes;0;Graduate;No;4709;0;113;360;1;Semiurban;
LP001853;Male;Yes;1;Not Graduate;No;2463;2360;117;360;0;Urban;
LP001087;Female;No;2;Graduate;;3750;2083;120;360;1;Semiurban;Y
LP001487;Male;No;0;Graduate;No;4895;0;102;360;1;Semiurban;Y
LP001013;Male;Yes;0;Not Graduate;No;2333;1516;95;360;1;Urban;Y
LP002754;Male;No;;Graduate;No;2066;2108;104;84;1;Urban;
LP001226;Male;Yes;0;Not Graduate;No;1750;2024;90;360;1;Semiurban;
LP002211;Male;Yes;0;Graduate;No;4817;923;120;180;1;Urban;Y
LP001536;Male;Yes;3;Graduate;No;39999;0;600;180;0;Semiurban;Y
LP001891;Male;Yes;0;Graduate;No;11146;0;136;360;1;Urban;Y
LP002489;Female;No;1;Not Graduate;;5191;0;132;360;1;Semiurban;Y
LP002194;Female;No;0;Graduate;Yes;15759;0;55;360;1;Semiurban;Y
LP002103;;Yes;1;Graduate;Yes;9833;1833;182;180;1;Urban;Y
LP001768;Male;Yes;0;Graduate;;3716;0;42;180;1;Rural;Y
LP001726;Male;Yes;0;Graduate;No;3727;1775;131;360;1;Semiurban;Y
LP002201;Male;Yes;2;Graduate;Yes;9323;7873;380;300;1;Rural;Y
LP001859;Male;Yes;0;Graduate;No;14683;2100;304;360;1;Rural;N
LP001711;Male;Yes;3;Graduate;No;3430;1250;128;360;0;Semiurban;N
LP001263;Male;Yes;3;Graduate;No;3167;4000;180;300;0;Semiurban;N
LP002485;Male;No;1;Graduate;No;24797;0;240;360;1;Semiurban;
LP002582;Female;No;0;Not Graduate;Yes;17263;0;225;360;1;Semiurban;Y
LP001531;Male;No;0;Graduate;No;9166;0;244;360;1;Urban;N
LP001024;Male;Yes;2;Graduate;No;3200;700;70;360;1;Urban;Y
LP001473;Male;No;0;Graduate;No;2014;1929;74;360;1;Urban;Y
LP002401;Male;Yes;0;Graduate;No;2213;1125;;360;1;Urban;Y
LP002767;Male;Yes;0;Graduate;No;2768;1950;155;360;1;Rural;Y
LP001501;Male;Yes;0;Graduate;No;3500;3250;140;360;1;Semiurban;
LP001667;Male;No;0;Graduate;No;3073;0;70;180;1;Urban;
LP001610;Male;Yes;3;Graduate;No;5516;11300;495;360;0;Semiurban;N
LP001028;Male;Yes;2;Graduate;No;3073;8106;200;360;1;Urban;Y
LP002117;Female;Yes;0;Graduate;No;3159;2374;108;360;1;Semiurban;
LP002870;Male;Yes;1;Graduate;No;4700;0;80;360;1;Urban;
LP002544;Male;Yes;1;Not Graduate;No;1958;2436;131;360;1;Rural;Y
LP002789;Male;Yes;0;Graduate;No;3593;4266;132;180;0;Rural;N
LP001529;Male;Yes;0;Graduate;Yes;2577;3750;152;360;1;Rural;Y
LP002277;Female;No;0;Graduate;No;3180;0;71;360;0;Urban;N
LP001430;Female;No;0;Graduate;No;4166;0;44;360;1;Semiurban;Y
LP002325;Male;Yes;2;Not Graduate;No;6166;13983;102;360;1;Rural;
LP001636;Male;Yes;0;Graduate;No;4600;0;73;180;1;Semiurban;Y
LP001098;Male;Yes;0;Graduate;No;3500;1667;114;360;1;Semiurban;Y
LP002306;Male;Yes;0;Graduate;No;1173;1594;28;180;1;Rural;
LP001255;Male;No;0;Graduate;No;3750;0;113;480;1;Urban;N
LP001517;Male;Yes;3;Graduate;No;9719;0;61;360;1;Urban;
LP002562;Male;Yes;1;Not Graduate;No;5333;1131;186;360;;Urban;Y
LP002959;Female;Yes;1;Graduate;No;12000;0;496;360;1;Semiurban;Y
LP001508;Male;Yes;2;Graduate;No;11757;0;187;180;1;Urban;Y
LP001776;Female;No;0;Graduate;No;8333;0;280;360;1;Semiurban;Y
LP002192;Male;Yes;0;Graduate;No;7830;2183;212;360;1;Rural;
LP002965;Female;Yes;0;Graduate;No;8550;4255;96;360;;Urban;
LP001656;Male;No;0;Graduate;No;12000;0;164;360;1;Semiurban;N
LP002223;Male;Yes;0;Graduate;No;4310;0;130;360;;Semiurban;Y
LP002862;Male;Yes;2;Not Graduate;No;6125;1625;187;480;1;Semiurban;N
LP002257;Female;No;0;Graduate;No;2545;0;74;360;1;Urban;
LP001108;Male;Yes;0;Graduate;No;9226;7916;300;360;1;Urban;
LP001950;Female;Yes;3;Graduate;;1750;2935;94;360;0;Semiurban;
LP002605;Male;No;0;Not Graduate;No;3271;0;90;360;1;Rural;
LP002234;Male;No;0;Graduate;Yes;7167;0;128;360;1;Urban;Y
LP001091;Male;Yes;1;Graduate;;4166;3369;201;360;;Urban;N
LP001594;Male;Yes;0;Graduate;No;5708;5625;187;360;1;Semiurban;Y
LP002806;Male;Yes;3;Graduate;Yes;6958;1411;150;360;1;Rural;
LP002263;Male;Yes;0;Graduate;No;2583;2115;120;360;;Urban;Y
LP001819;Male;Yes;1;Not Graduate;No;6608;0;137;180;1;Urban;Y
LP001490;Male;Yes;2;Not Graduate;No;4766;1646;100;360;1;Semiurban;
LP002176;Male;No;0;Graduate;No;5708;0;150;360;1;Rural;
LP002856;Male;Yes;0;Graduate;No;2292;1558;119;360;1;Urban;
LP001198;Male;Yes;1;Graduate;No;8080;2250;180;360;1;Urban;Y
LP002348;Male;Yes;0;Graduate;No;5829;0;138;360;1;Rural;Y
LP001601;Male;No;3;Graduate;No;4243;4123;157;360;;Semiurban;
LP001878;Male;No;1;Graduate;No;5823;2529;187;360;1;Semiurban;
LP002958;Male;No;0;Graduate;No;3676;4301;172;360;1;Rural;Y
LP001589;Female;No;0;Graduate;No;3417;0;102;360;1;Urban;
LP001208;Male;Yes;2;Graduate;;7350;4029;185;180;1;Urban;
LP001561;Female;Yes;0;Graduate;No;3417;1287;200;360;1;Semiurban;
LP002971;Male;Yes;3;Not Graduate;Yes;4009;1777;113;360;1;Urban;
LP002986;Male;Yes;0;Graduate;No;5000;2393;158;360;1;Rural;
LP001253;Male;Yes;3;Graduate;Yes;5266;1774;187;360;1;Semiurban;Y
LP001671;Female;Yes;0;Graduate;No;3416;2816;113;360;;Semiurban;Y
LP002901;Male;No;0;Graduate;No;2283;15000;106;360;;Rural;
LP002925;;No;0;Graduate;No;4750;0;94;360;1;Semiurban;Y
LP002376;Male;No;0;Graduate;No;2925;0;40;180;1;Rural;
LP002500;Male;Yes;3;Not Graduate;No;2947;1664;70;180;0;Urban;N
LP002332;Male;Yes;0;Not Graduate;No;2253;2033;110;360;1;Rural;Y
LP001116;Male;No;0;Not Graduate;No;3748;1668;110;360;1;Semiurban;Y
LP002505;Male;Yes;0;Graduate;No;4333;2451;110;360;1;Urban;N
LP001921;Male;No;1;Graduate;No;3180;2370;80;240;;Rural;
LP002571;Male;No;0;Not Graduate;No;3691;0;110;360;1;Rural;Y
LP002377;Female;No;1;Graduate;Yes;8624;0;150;360;1;Semiurban;Y
LP002429;Male;Yes;1;Graduate;Yes;3466;1210;130;360;1;Rural;Y
LP001446;Male;Yes;0;Graduate;No;8449;0;257;360;1;Rural;
LP002043;Female;No;1;Graduate;No;3541;0;112;360;;Semiurban;Y
LP002612;Female;Yes;0;Graduate;No;2666;0;84;480;1;Semiurban;
LP001366;Female;No;;Graduate;No;3250;0;95;360;1;Semiurban;
LP001807;Male;Yes;2;Graduate;Yes;6250;1300;108;360;1;Rural;Y
LP001924;Male;No;0;Graduate;No;3158;3053;89;360;1;Rural;Y
LP002974;Male;Yes;0;Graduate;No;3232;1950;108;360;1;Rural;Y
LP002960;Male;Yes;0;Not Graduate;No;2400;3800;;180;1;Urban;N
LP001884;Female;No;1;Graduate;No;2876;1560;90;360;1;Urban;Y
LP002119;Male;Yes;1;Not Graduate;No;4554;1229;158;360;1;Urban;Y
LP001663;Male;Yes;2;Graduate;No;7500;0;225;360;1;Urban;
LP002467;Male;Yes;0;Graduate;No;3708;2569;173;360;1;Urban;N
LP001022;Male;Yes;1;Graduate;No;3076;1500;126;360;1;Urban;
LP001903;Male;Yes;0;Graduate;No;3993;3274;207;360;1;Semiurban;Y
LP001586;Male;Yes;3;Not Graduate;No;3522;0;81;180;1;Rural;N
LP001778;Male;Yes;1;Graduate;No;3155;1779;140;360;1;Semiurban;Y
LP002744;Male;Yes;1;Graduate;No;6825;0;162;360;1;Rural;
LP001732;Male;Yes;2;Graduate;;5000;0;72;360;0;Semiurban;N
LP001131;Male;Yes;0;Graduate;No;3941;2336;134;360;1;Semiurban;Y
LP001973;Male;Yes;2;Not Graduate;No;4483;0;130;360;1;Rural;
LP001155;Female;Yes;0;Not Graduate;No;1928;1644;100;360;1;Semiurban;Y
LP002226;Male;Yes;0;Graduate;;3333;2500;128;360;1;Semiurban;Y
LP001996;Male;No;0;Graduate;No;20233;0;480;360;1;Rural;N
LP001786;Male;Yes;0;Graduate;;5746;0;255;360;;Urban;N
LP001322;Male;No;0;Graduate;No;4133;0;122;360;1;Semiurban;Y
LP002537;Male;Yes;0;Graduate;No;2083;3150;128;360;1;Semiurban;Y
LP001888;Female;No;0;Graduate;No;3237;0;30;360;1;Urban;Y
LP001195;Male;Yes;0;Graduate;No;2132;1591;96;360;1;Semiurban;Y
LP002766;Female;Yes;0;Graduate;No;7859;879;165;180;1;Semiurban;
LP001020;Male;Yes;1;Graduate;No;12841;10968;349;360;1;Semiurban;N
LP001543;Male;Yes;1;Graduate;No;9538;0;187;360;1;Urban;Y
LP002541;Male;Yes;0;Graduate;No;10833;0;234;360;1;Semiurban;Y
LP001245;Male;Yes;2;Not Graduate;Yes;1875;1875;97;360;1;Semiurban;Y
LP002149;Male;Yes;2;Graduate;No;8333;3167;165;360;1;Rural;Y
LP001827;Male;No;0;Graduate;No;3071;4309;180;360;1;Urban;
LP002990;Female;No;0;Graduate;Yes;4583;0;133;360;0;Semiurban;N
LP001647;Male;Yes;0;Graduate;No;9328;0;188;180;1;Rural;Y
LP002398;Male;No;0;Graduate;No;1926;1851;50;360;1;Semiurban;Y
LP002364;Male;Yes;0;Graduate;No;14880;0;96;360;1;Semiurban;Y
LP001123;Male;Yes;0;Graduate;No;2400;0;75;360;;Urban;Y
LP001791;Male;Yes;0;Graduate;Yes;32000;0;550;360;;Semiurban;
LP001552;Male;Yes;0;Graduate;No;4583;5625;255;360;1;Semiurban;Y
LP002524;Male;No;2;Graduate;No;5532;4648;162;360;1;Rural;Y
LP002950;Male;Yes;0;Not Graduate;;2894;2792;155;360;1;Rural;Y
LP002424;Male;Yes;0;Graduate;No;7333;8333;175;300;;Rural;Y
LP002152;Female;No;0;Graduate;No;4213;0;80;360;1;Urban;
LP001250;Male;Yes;3;Not Graduate;No;4755;0;95;;0;Semiurban;N
LP001718;Male;No;0;Graduate;No;3391;0;132;360;1;Rural;
LP001029;Male;No;0;Graduate;No;1853;2840;114;360;1;Rural;N
LP001995;Male;Yes;0;Not Graduate;No;2431;1820;110;360;0;Rural;
LP001577;Female;Yes;0;Graduate;No;4583;0;112;360;1;Rural;N
LP002476;Female;Yes;3;Not Graduate;No;1635;2444;99;360;1;Urban;
LP001119;Male;No;0;Graduate;No;3600;0;80;360;1;Urban;N
LP002100;Male;No;;Graduate;No;2833;0;71;360;1;Urban;Y
LP001652;Male;No;0;Graduate;No;2500;6414;187;360;0;Rural;
LP001769;;No;;Graduate;No;3333;1250;110;360;1;Semiurban;
LP001287;;Yes;3;Not Graduate;No;3500;833;120;360;1;Semiurban;
LP001854;Male;Yes;3;Graduate;No;5250;0;94;360;1;Urban;N
LP002523;Male;Yes;3;Graduate;No;2773;1497;108;360;1;Semiurban;
LP002892;Male;Yes;2;Graduate;No;6540;0;205;360;1;Semiurban;Y
LP002869;Male;Yes;3;Not Graduate;No;3522;0;81;180;1;Rural;
LP002400;Female;Yes;0;Graduate;No;3833;0;92;360;1;Rural;
LP002028;Male;Yes;2;Graduate;No;4358;0;110;360;1;Urban;
LP001835;Male;Yes;0;Not Graduate;No;1668;3890;201;360;0;Semiurban;N
LP002644;Male;Yes;1;Graduate;Yes;7500;0;75;360;1;Urban;
LP002949;Female;No;3;Graduate;;416;41667;350;180;;Urban;N
LP002333;Male;No;0;Not Graduate;No;3844;0;105;360;1;Urban;
LP002294;Male;No;0;Graduate;No;14911;14507;130;360;1;Semiurban;
LP002720;Male;Yes;3;Graduate;No;4281;0;100;360;1;Urban;Y
LP002803;Male;Yes;1;Not Graduate;;2600;618;122;360;1;Semiurban;
LP001318;Male;Yes;2;Graduate;No;6250;5654;188;180;1;Semiurban;Y
LP002024;;Yes;0;Graduate;No;2473;1843;159;360;1;Rural;N
LP001949;Male;Yes;3;Graduate;;4416;1250;110;360;1;Urban;Y
LP002225;Male;Yes;2;Graduate;No;5391;0;130;360;1;Urban;Y
LP001334;Male;Yes;0;Not Graduate;No;4188;0;115;180;1;Semiurban;Y
LP001911;Female;No;0;Graduate;No;2708;0;65;360;1;Rural;
LP001943;Male;Yes;0;Graduate;No;3042;3167;135;360;1;Urban;
LP001797;Female;No;0;Graduate;No;12941;0;150;300;1;Urban;
LP002125;Male;Yes;1;Graduate;No;4960;2600;187;360;1;Semiurban;
LP001482;Male;Yes;0;Graduate;Yes;3459;0;25;120;1;Semiurban;Y
LP002057;Male;Yes;0;Not Graduate;No;13083;0;;360;1;Rural;
LP002793;Male;Yes;0;Graduate;No;5333;0;90;360;1;Rural;
LP001936;Male;Yes;0;Graduate;No;3075;2416;139;360;1;Rural;Y
LP002151;Male;Yes;1;Graduate;No;3875;0;67;360;1;Urban;N
LP002493;Male;No;0;Graduate;No;4166;0;98;360;0;Semiurban;N
LP002640;Male;Yes;1;Graduate;No;6065;2004;250;360;1;Semiurban;Y
LP001699;Male;No;0;Graduate;No;2479;0;59;360;1;Urban;Y
LP001419;Female;Yes;0;Graduate;No;7950;0;185;360;1;Urban;
LP002637;Male;No;0;Not Graduate;No;3598;1287;100;360;1;Rural;N
LP002051;Male;Yes;0;Graduate;No;2400;2167;115;360;1;Semiurban;Y
LP002684;Female;No;0;Not Graduate;No;3400;0;95;360;1;Rural;N
LP002484;Male;Yes;3;Graduate;No;7740;0;128;180;1;Urban;Y
LP002286;Male;Yes;3;Not Graduate;No;5180;0;125;360;0;Urban;
LP002266;Male;Yes;2;Graduate;No;3100;1400;113;360;1;Urban;Y
LP001534;Male;No;0;Graduate;No;4452;0;131;360;1;Rural;
LP002599;Male;Yes;0;Graduate;No;3667;2000;170;360;1;Semiurban;
LP001259;Male;Yes;1;Graduate;Yes;1000;3022;110;360;1;Urban;N
LP002813;Female;Yes;1;Graduate;Yes;19484;0;600;360;1;Semiurban;Y
LP001298;Male;Yes;2;Graduate;No;4116;1000;30;180;1;Urban;
LP001052;Male;Yes;1;Graduate;;3717;2925;151;360;;Semiurban;N
LP002874;Male;No;0;Graduate;No;3229;2739;110;360;1;Urban;Y
LP002984;Male;Yes;2;Graduate;No;7583;0;187;360;1;Urban;Y
LP001963;Male;Yes;1;Graduate;No;2014;2925;113;360;1;Urban;N
LP002385;Male;Yes;;Graduate;No;3863;0;70;300;1;Semiurban;
LP001478;Male;No;0;Graduate;No;2718;0;70;360;1;Semiurban;Y
LP001379;Male;Yes;2;Graduate;No;3800;3600;216;360;0;Urban;N
LP001977;Male;Yes;1;Graduate;No;1625;1803;96;360;1;Urban;Y
LP002482;Female;No;0;Graduate;Yes;3333;3916;212;360;1;Rural;
LP001231;Female;No;0;Graduate;No;3666;0;84;360;1;Urban;
LP001591;Female;Yes;2;Graduate;No;2922;3396;122;360;1;Semiurban;
LP001149;Male;Yes;0;Graduate;No;5400;4380;290;360;1;Urban;
LP002168;Male;No;0;Graduate;No;5333;2400;200;360;0;Rural;
LP001843;Male;Yes;1;Not Graduate;No;2661;7101;279;180;1;Semiurban;Y
LP001959;Female;Yes;1;Graduate;No;3564;0;79;360;1;Rural;
LP001750;Male;Yes;0;Graduate;No;6250;0;128;360;1;Semiurban;Y
LP002911;Male;Yes;1;Graduate;No;2787;1917;146;360;0;Rural;N
LP001761;Male;No;0;Graduate;Yes;6400;0;200;360;1;Rural;Y
LP001532;Male;Yes;2;Not Graduate;No;2281;0;113;360;1;Rural;N
LP001185;Male;No;0;Graduate;No;3268;1683;152;360;1;Semiurban;
LP001811;Male;Yes;0;Not Graduate;No;3406;4417;123;360;1;Semiurban;Y
LP001573;Male;Yes;0;Not Graduate;No;4523;1350;165;360;1;Urban;
LP001742;Male;Yes;2;Graduate;No;4500;0;147;360;1;Rural;
LP002823;Male;Yes;0;Graduate;No;5509;0;143;360;1;Rural;
LP002245;Male;Yes;2;Not Graduate;No;2896;0;80;480;1;Urban;
LP001174;Male;Yes;0;Graduate;No;3772;833;57;360;;Semiurban;
LP002584;Male;No;0;Graduate;;1972;4347;106;360;1;Rural;
LP002144;Female;No;;Graduate;No;3813;0;116;180;1;Urban;Y
LP001313;Male;No;0;Graduate;No;2750;0;130;360;0;Urban;
LP002917;Female;No;0;Not Graduate;No;2165;0;70;360;1;Semiurban;Y
LP002877;Male;Yes;1;Graduate;No;1782;2232;107;360;1;Rural;Y
LP002682;Male;Yes;;Not Graduate;No;3074;1800;123;360;0;Semiurban;N
LP001268;Male;No;0;Graduate;No;6792;3338;187;;1;Urban;
LP002689;Male;Yes;2;Not Graduate;No;2192;1742;45;360;1;Semiurban;Y
LP002931;Male;Yes;2;Graduate;Yes;6000;0;205;240;1;Semiurban;N
LP001900;Male;Yes;1;Graduate;No;2750;1842;115;360;1;Semiurban;Y
LP001616;Male;Yes;1;Graduate;No;3750;0;116;360;1;Semiurban;Y
LP001385;Male;No;0;Graduate;No;5316;0;136;360;1;Urban;Y
LP001633;Male;Yes;1;Graduate;No;6400;7250;180;360;0;Urban;N
LP001347;Female;No;0;Graduate;No;2101;1500;108;360;0;Rural;
LP001138;Male;Yes;1;Graduate;No;5649;0;44;360;1;Urban;Y
LP001036;Female;No;0;Graduate;No;3510;0;76;360;0;Urban;N
LP002622;Male;Yes;2;Graduate;No;3510;4416;243;360;1;Rural;Y
LP002790;Male;Yes;3;Graduate;No;3400;0;80;120;1;Urban;
LP001275;Male;Yes;1;Graduate;No;3988;0;50;240;1;Urban;Y
LP002284;Male;No;0;Not Graduate;No;3902;1666;109;360;1;Rural;Y
LP002311;Female;Yes;0;Graduate;No;2157;1788;104;360;1;Urban;
LP001935;Male;No;0;Graduate;No;9508;0;187;360;1;Rural;Y
LP001653;Male;No;0;Not Graduate;No;4885;0;48;360;1;Rural;Y
LP001326;Male;No;0;Graduate;;6782;0;;360;;Urban;N
LP001197;Male;Yes;0;Graduate;No;3366;2200;135;360;1;Rural;N
LP002587;Male;Yes;0;Not Graduate;No;2600;1700;107;360;1;Rural;Y
LP002657;;Yes;1;Not Graduate;Yes;570;2125;68;360;1;Rural;
LP002603;Female;No;0;Graduate;No;645;3683;113;480;1;Rural;Y
LP002054;Male;Yes;2;Not Graduate;No;3601;1590;;360;1;Rural;Y
LP002208;Male;Yes;1;Graduate;No;3747;2139;125;360;1;Urban;
LP002545;Male;No;2;Graduate;No;3547;0;80;360;0;Rural;N
LP002614;;No;0;Graduate;No;6478;0;108;360;1;Semiurban;
LP001124;Female;No;3;Not Graduate;No;2083;0;28;180;1;Urban;
LP002265;Male;Yes;2;Not Graduate;No;1993;1625;113;180;1;Semiurban;Y
LP001179;Male;Yes;2;Graduate;No;4616;0;134;360;1;Urban;N
LP002802;Male;No;0;Graduate;No;2875;2416;95;6;0;Semiurban;
LP002102;Male;Yes;0;Graduate;Yes;1900;1442;88;360;1;Rural;
LP001273;Male;Yes;0;Graduate;No;6000;2250;265;360;;Semiurban;N
LP001757;Male;Yes;1;Graduate;No;2014;2925;120;360;1;Rural;
LP001580;Male;Yes;2;Graduate;No;8000;0;200;360;1;Semiurban;Y
LP002087;Female;No;0;Graduate;No;2500;0;67;360;1;Urban;Y
LP002139;Male;Yes;0;Graduate;No;9083;0;228;360;1;Semiurban;Y
LP001908;Female;Yes;0;Not Graduate;No;4100;0;124;360;;Rural;Y
LP001868;Male;No;0;Graduate;No;2060;2209;134;360;1;Semiurban;Y
LP002172;Male;Yes;3;Graduate;Yes;5384;0;150;360;1;Semiurban;
LP002872;;Yes;0;Graduate;No;3087;2210;136;360;0;Semiurban;N
LP002777;Male;Yes;0;Graduate;No;2785;2016;110;360;1;Rural;Y
LP002734;Male;Yes;0;Graduate;No;6133;3906;324;360;1;Urban;Y
LP001492;Male;No;0;Graduate;No;14999;0;242;360;0;Semiurban;N
LP002386;Male;No;0;Graduate;;12876;0;405;360;1;Semiurban;Y
LP002298;;No;0;Graduate;Yes;2860;2988;138;360;1;Urban;
LP001114;Male;No;0;Graduate;No;4166;7210;184;360;1;Urban;Y
LP002175;Male;Yes;0;Graduate;No;4750;2333;130;360;1;Urban;Y
LP001677;Male;No;2;Graduate;No;4923;0;166;360;0;Semiurban;Y
LP002774;Male;Yes;0;Not Graduate;No;1700;2900;67;360;0;Urban;
LP002042;Female;Yes;1;Graduate;No;4000;3917;173;360;1;Rural;
LP002519;Male;Yes;3;Graduate;No;4691;0;100;360;1;Semiurban;Y
LP002515;Male;Yes;1;Graduate;Yes;3450;2079;162;360;1;Semiurban;Y
LP002068;Male;No;0;Graduate;No;4917;0;130;360;0;Rural;Y
LP001806;Male;No;0;Graduate;No;2965;5701;155;60;1;Urban;Y
LP001864;Male;Yes;3;Not Graduate;No;4931;0;128;360;;Semiurban;N
LP001421;Male;Yes;0;Graduate;No;5568;2142;175;360;1;Rural;N
LP002551;Male;Yes;3;Not Graduate;;3634;910;176;360;0;Semiurban;
LP001871;Female;No;0;Graduate;No;7200;0;120;360;1;Rural;Y
LP001121;Male;Yes;1;Not Graduate;No;1888;1620;48;360;1;Urban;
LP001961;Female;No;0;Graduate;No;3958;0;110;360;1;Rural;
LP001100;Male;No;3;Graduate;No;12500;3000;320;360;1;Rural;N
LP002740;Male;Yes;3;Graduate;No;6417;0;157;180;1;Rural;Y
LP001673;Male;No;0;Graduate;Yes;11000;0;83;360;1;Urban;N
LP002007;Male;Yes;2;Not Graduate;No;2500;3333;131;360;1;Urban;
LP002805;Male;Yes;2;Graduate;No;5041;700;150;360;1;Urban;
LP002114;Female;No;0;Graduate;No;4160;0;71;360;1;Semiurban;Y
LP002099;Male;Yes;2;Graduate;No;2540;700;104;360;0;Urban;
LP001356;Male;Yes;0;Graduate;No;4652;3583;;360;1;Semiurban;Y
LP002473;Male;Yes;0;Graduate;No;8334;0;160;360;1;Semiurban;N
LP002082;Male;Yes;0;Graduate;Yes;5818;2160;184;360;1;Semiurban;Y
LP002442;Female;Yes;1;Not Graduate;No;3835;1400;112;480;0;Urban;
LP001824;Male;Yes;1;Graduate;No;2882;1843;123;480;1;Semiurban;Y
LP002181;Male;No;0;Not Graduate;No;6216;0;133;360;1;Rural;N
LP001443;Female;No;0;Graduate;No;3692;0;93;360;;Rural;Y
LP001703;Male;Yes;0;Graduate;No;3333;1270;124;360;1;Urban;
LP002857;Male;Yes;1;Graduate;Yes;2360;3355;87;240;1;Rural;
LP002502;Female;Yes;2;Not Graduate;;210;2917;98;360;1;Semiurban;Y
LP001431;Female;No;0;Graduate;No;2137;8980;137;360;0;Semiurban;Y
LP001692;Female;No;0;Not Graduate;No;4408;0;120;360;1;Semiurban;Y
LP001792;Male;Yes;1;Graduate;No;3315;0;96;360;1;Semiurban;Y
LP002070;Male;Yes;3;Not Graduate;No;2654;1998;128;360;0;Rural;
LP001785;Male;No;0;Graduate;No;4727;0;150;360;0;Rural;
LP001151;Female;No;0;Graduate;No;4000;2275;144;360;1;Semiurban;Y
LP001945;Female;No;;Graduate;No;5417;0;143;480;0;Urban;N
LP001384;Male;Yes;3;Not Graduate;No;2071;754;94;480;1;Semiurban;Y
LP002131;Male;Yes;2;Not Graduate;No;3083;2168;126;360;1;Urban;Y
LP001842;Male;No;0;Graduate;No;5000;0;148;360;1;Rural;
LP002652;Male;No;0;Graduate;No;5815;3666;311;360;1;Rural;N
LP001078;Male;No;0;Not Graduate;No;3091;0;90;360;1;Urban;
LP002471;Male;No;0;Graduate;No;3508;0;99;360;1;Rural;
LP001500;Male;Yes;1;Graduate;No;3333;4200;256;360;1;Urban;
LP002167;Female;No;0;Graduate;No;2362;0;55;360;1;Urban;
LP002948;Male;Yes;2;Graduate;No;5780;0;192;360;1;Urban;Y
LP002237;Male;No;1;Graduate;;3667;0;113;180;1;Urban;Y
LP001682;Male;Yes;3;Not Graduate;No;3992;0;;180;1;Urban;N
LP002434;Male;Yes;2;Not Graduate;No;4652;0;110;360;1;Rural;Y
LP002315;Male;Yes;1;Graduate;No;8300;0;152;300;0;Semiurban;N
LP001634;Male;No;0;Graduate;No;1916;5063;67;360;;Rural;N
LP002916;Male;Yes;0;Graduate;No;2297;1522;104;360;1;Urban;Y
LP001574;Male;Yes;0;Graduate;No;3707;3166;182;;1;Rural;Y
LP002776;Female;No;0;Graduate;No;5000;0;103;360;0;Semiurban;N
LP002826;Female;Yes;1;Not Graduate;No;3621;2717;171;360;1;Urban;
LP001400;Male;No;0;Graduate;No;3583;3435;155;360;1;Urban;
LP002129;Male;Yes;0;Graduate;No;2499;2458;160;360;1;Semiurban;Y
LP001413;Male;No;0;Graduate;Yes;6356;0;50;360;1;Rural;
LP002433;Male;Yes;1;Graduate;No;18840;0;234;360;1;Rural;
LP002964;Male;Yes;2;Not Graduate;No;3987;1411;157;360;1;Rural;Y
LP001822;Male;No;0;Graduate;No;5900;0;150;360;1;Urban;
LP002933;;No;3;Graduate;Yes;9357;0;292;360;1;Semiurban;Y
LP001518;Male;Yes;1;Graduate;No;1538;1425;30;360;1;Urban;Y
LP002792;Male;Yes;1;Graduate;No;5468;1032;26;360;1;Semiurban;Y
LP001350;Male;Yes;;Graduate;No;13650;0;;360;1;Urban;Y
LP001669;Female;No;0;Not Graduate;No;1907;2365;120;;1;Urban;Y
LP002314;Female;No;0;Not Graduate;No;2213;0;66;360;1;Rural;Y
LP001325;Male;No;0;Not Graduate;No;3620;0;25;120;1;Semiurban;Y
LP002394;Male;Yes;2;Graduate;No;4010;1025;120;360;1;Urban;
LP002301;Female;No;0;Graduate;Yes;7441;0;194;360;1;Rural;N
LP002531;Male;Yes;1;Graduate;Yes;16667;2250;86;360;1;Semiurban;Y
LP001005;Male;Yes;0;Graduate;Yes;3000;0;66;360;1;Urban;Y
LP002786;Female;Yes;0;Not Graduate;No;1647;1762;181;360;1;Urban;
LP002086;Female;Yes;0;Graduate;No;4333;2451;110;360;1;Urban;N
LP001831;Male;Yes;0;Graduate;No;2783;1456;113;360;1;Urban;
LP002832;Male;Yes;2;Graduate;No;8799;0;258;360;0;Urban;N
LP002654;Female;No;;Graduate;Yes;14987;0;177;360;1;Rural;
LP002062;Female;Yes;1;Graduate;No;4333;0;132;84;1;Rural;
LP001734;Female;Yes;2;Graduate;No;4283;2383;127;360;;Semiurban;Y
LP002890;Male;Yes;2;Not Graduate;No;3418;1380;135;360;1;Urban;
LP002346;Male;Yes;0;Graduate;;2539;1704;125;360;0;Rural;
LP002367;Female;No;1;Not Graduate;No;4606;0;81;360;1;Rural;N
LP001466;Male;No;0;Graduate;No;3066;0;95;360;1;Semiurban;
LP002236;Male;Yes;2;Graduate;No;4566;0;100;360;1;Urban;N
LP001931;Female;No;0;Graduate;No;4124;0;115;360;1;Semiurban;Y
LP002699;Male;Yes;2;Graduate;Yes;17500;0;400;360;1;Rural;Y
LP002319;Male;Yes;0;Graduate;;6256;0;160;360;;Urban;Y
LP001157;Female;No;0;Graduate;No;3086;0;120;360;1;Semiurban;Y
LP002592;Male;No;0;Graduate;No;4983;0;141;360;1;Urban;
LP001914;Male;Yes;0;Graduate;No;3927;800;112;360;1;Semiurban;Y
LP001933;Male;No;2;Not Graduate;No;1141;2017;120;360;0;Urban;
LP001760;Male;;;Graduate;No;4758;0;158;480;1;Semiurban;Y
LP002785;Male;Yes;1;Graduate;No;3333;3250;158;360;1;Urban;Y
LP001857;Male;No;0;Not Graduate;Yes;1599;2474;125;300;1;Semiurban;
LP002935;Male;Yes;1;Graduate;No;3791;1936;85;360;1;Urban;
LP001030;Male;Yes;2;Graduate;No;1299;1086;17;120;1;Urban;Y
LP002553;;No;0;Graduate;No;29167;0;185;360;1;Semiurban;
LP001662;Male;No;0;Graduate;No;6500;0;71;360;0;Urban;
LP002115;Male;Yes;3;Not Graduate;No;2647;1587;173;360;1;Rural;N
LP002318;Female;No;1;Not Graduate;Yes;3867;0;62;360;1;Semiurban;N
LP001128;;No;0;Graduate;No;3909;0;101;360;1;Urban;
LP001825;Male;Yes;0;Graduate;No;1809;1868;90;360;1;Urban;Y
LP001955;Female;No;0;Graduate;No;5000;2541;151;480;1;Rural;N
LP002566;Female;No;0;Graduate;No;5530;0;135;360;;Urban;
LP001357;Male;;;Graduate;No;3816;754;160;360;1;Urban;Y
LP002197;Male;Yes;2;Graduate;No;5185;0;155;360;1;Semiurban;Y
LP001002;Male;No;0;Graduate;No;5849;0;;360;1;Urban;Y
LP001153;Male;No;0;Graduate;No;0;24000;148;360;0;Rural;
LP002090;Male;Yes;1;Graduate;No;4796;0;114;360;0;Semiurban;
LP001348;Male;Yes;3;Not Graduate;No;4490;0;125;360;1;Urban;
LP001099;Male;No;1;Graduate;No;5667;0;131;360;1;Urban;
LP001343;Male;Yes;0;Graduate;No;1759;3541;131;360;1;Semiurban;Y
LP002630;Male;No;0;Not Graduate;;3808;0;83;360;1;Rural;
LP002670;Female;Yes;2;Graduate;No;2031;1632;113;480;1;Semiurban;Y
LP001844;Male;No;0;Graduate;Yes;16250;0;192;360;0;Urban;N
LP002853;Female;No;0;Not Graduate;No;3015;2000;145;360;;Urban;
LP002449;Male;Yes;0;Graduate;No;2483;2466;90;180;0;Rural;Y
LP001163;Male;Yes;2;Graduate;No;4363;1250;140;360;;Urban;
LP001743;Male;Yes;2;Graduate;No;4009;1717;116;360;1;Semiurban;Y
LP001230;Male;No;0;Graduate;No;6500;2600;200;360;1;Semiurban;
LP001469;Male;No;0;Graduate;Yes;20166;0;650;480;;Urban;Y
LP002366;Male;Yes;0;Graduate;No;2666;4300;121;360;1;Rural;Y
LP001519;Female;No;0;Graduate;No;10000;1666;225;360;1;Rural;N
LP002842;Male;Yes;1;Graduate;No;3417;1750;186;360;1;Urban;Y
LP001664;Male;No;0;Graduate;No;4191;0;120;360;1;Rural;Y
LP002778;Male;Yes;2;Graduate;Yes;6633;0;;360;0;Rural;N
LP001282;Male;Yes;0;Graduate;No;2500;2118;104;360;1;Semiurban;Y
LP001043;Male;Yes;0;Not Graduate;No;7660;0;104;360;0;Urban;N
LP001368;Male;No;0;Graduate;No;4463;0;65;360;1;Semiurban;
LP001606;Male;Yes;0;Graduate;No;3497;1964;116;360;1;Rural;Y
LP001310;Male;Yes;0;Graduate;No;5695;4167;175;360;1;Semiurban;Y
LP001877;Male;Yes;2;Graduate;No;4708;1387;150;360;1;Semiurban;Y
LP001222;Female;No;0;Graduate;No;4166;0;116;360;0;Semiurban;N
LP001865;Male;Yes;1;Graduate;No;6083;4250;330;360;;Urban;Y
LP001925;Female;No;0;Graduate;Yes;2600;1717;99;300;1;Semiurban;N
LP002170;Male;Yes;2;Graduate;No;5000;3667;236;360;1;Semiurban;Y
LP002440;Male;Yes;2;Graduate;No;2995;1120;184;360;1;Rural;
LP002165;;No;1;Not Graduate;No;2038;4027;100;360;1;Rural;
LP002769;Female;Yes;0;Graduate;No;4283;0;120;360;1;Rural;
LP002716;Male;No;0;Not Graduate;No;6783;0;130;360;1;Semiurban;Y
LP001516;Female;Yes;2;Graduate;No;14866;0;70;360;1;Urban;Y
LP002759;Male;Yes;2;Graduate;No;5000;0;149;360;1;Rural;
LP001578;Male;Yes;0;Graduate;No;2439;3333;129;360;1;Rural;Y
LP002487;Male;Yes;0;Graduate;No;3015;2188;153;360;1;Rural;Y
LP002781;Male;No;0;Graduate;No;3083;2738;120;360;1;Urban;
LP001056;Male;Yes;2;Not Graduate;No;3881;0;147;360;0;Rural;
LP001068;Male;Yes;0;Graduate;No;2799;2253;122;360;1;Semiurban;Y
LP001787;Male;Yes;3;Graduate;No;3089;2999;100;240;1;Rural;
LP001455;Male;Yes;0;Graduate;No;3571;1917;135;360;1;Urban;
LP002588;Male;Yes;0;Graduate;No;4625;2857;111;12;;Urban;Y
LP001387;Female;Yes;0;Graduate;;2929;2333;139;360;1;Semiurban;Y
LP001489;Female;Yes;0;Graduate;No;4583;0;84;360;1;Rural;N
LP002239;Male;No;0;Not Graduate;No;2346;1600;132;360;1;Semiurban;Y
LP002184;Male;Yes;0;Not Graduate;No;2914;2130;150;300;1;Urban;
LP001715;Male;Yes;3;Not Graduate;Yes;5703;0;130;360;1;Rural;Y
LP001665;Male;Yes;1;Graduate;No;3125;2583;170;360;1;Semiurban;N
LP001095;Male;No;0;Graduate;No;3167;0;74;360;1;Urban;N
LP002798;Male;Yes;0;Graduate;No;3887;2669;162;360;1;Semiurban;Y
LP001972;Male;Yes;;Not Graduate;No;2875;1750;105;360;1;Semiurban;Y
LP001432;Male;Yes;2;Graduate;No;2957;0;81;360;1;Semiurban;Y
LP002389;Female;No;1;Graduate;No;4028;0;131;360;1;Semiurban;
LP002741;Female;Yes;1;Graduate;No;4608;2845;140;180;1;Semiurban;Y
LP001349;Male;No;0;Graduate;No;4843;3806;151;360;1;Semiurban;Y
LP002772;Male;No;0;Graduate;No;2526;1783;145;360;1;Rural;Y
LP002952;Male;No;0;Graduate;No;2500;0;60;360;1;Urban;
LP002397;Female;Yes;1;Graduate;No;3719;1585;114;360;1;Urban;
LP002542;Male;Yes;0;Graduate;;6500;0;144;360;1;Urban;
LP002016;Male;Yes;2;Graduate;No;5128;0;143;360;1;Rural;
LP002561;Male;Yes;0;Graduate;No;5000;0;126;360;1;Rural;
LP001050;;Yes;2;Not Graduate;No;3365;1917;112;360;0;Rural;N
LP001498;Male;No;0;Graduate;No;5417;0;168;360;1;Urban;Y
LP002231;Female;No;0;Graduate;No;6000;0;156;360;1;Urban;Y
LP001722;Male;Yes;0;Graduate;No;150;1800;135;360;1;Rural;N
LP001695;Male;Yes;1;Not Graduate;No;3321;2088;70;;1;Semiurban;
LP001794;Male;Yes;2;Graduate;Yes;10890;0;260;12;1;Rural;
LP002936;Male;Yes;0;Graduate;No;3859;3300;142;180;1;Rural;Y
LP002534;Female;No;0;Not Graduate;No;4350;0;154;360;1;Rural;Y
LP001907;Male;Yes;0;Graduate;No;14583;0;436;360;1;Semiurban;Y
LP002137;Male;Yes;0;Graduate;No;6333;4583;259;360;;Semiurban;Y
LP002739;Male;Yes;0;Not Graduate;No;2917;536;66;360;1;Rural;N
LP002288;Male;Yes;2;Not Graduate;No;2889;0;45;180;0;Urban;N
LP001375;Male;Yes;1;Graduate;;4083;1775;139;60;1;Urban;
LP002743;Female;No;0;Graduate;No;2138;0;99;360;0;Semiurban;N
LP002316;Male;No;0;Graduate;No;2231;2774;176;360;0;Urban;
LP001210;Male;Yes;0;Graduate;Yes;2267;2792;90;360;1;Urban;
